{
    "bottom_shell_thickness": "0.4",
    "brim_width": "4",
    "enable_support": "1",
    "from": "User",
    "inherits": "0.20mm Standard @BBL X1C",
    "name": "MM - surface - 0.20mm Standard @BBL X1C - Copy",
    "print_extruder_id": [
        "1"
    ],
    "print_extruder_variant": [
        "Direct Drive Standard"
    ],
    "print_settings_id": "MM - surface - 0.20mm Standard @BBL X1C - Copy",
    "seam_position": "nearest",
    "skeleton_infill_density": "5%",
    "skin_infill_density": "5%",
    "sparse_infill_density": "5%",
    "sparse_infill_pattern": "cubic",
    "support_type": "normal(auto)",
    "top_shell_thickness": "0.4",
    "version": "2.1.0.15"
}
