{
    "bottom_shell_thickness": "1.6",
    "brim_width": "4",
    "detect_thin_wall": "1",
    "enable_support": "1",
    "from": "User",
    "inherits": "0.20mm Standard @BBL A1M",
    "name": "MM - ballsandstiks, tree, soluble interface - 0.20mm Standard @BBL A1M",
    "prime_tower_infill_gap": "100%",
    "prime_tower_rib_wall": "0",
    "print_extruder_id": [
        "1"
    ],
    "print_extruder_variant": [
        "Direct Drive Standard"
    ],
    "print_settings_id": "MM - ballsandstiks, tree, soluble interface - 0.20mm Standard @BBL A1M",
    "seam_position": "nearest",
    "sparse_infill_density": "50%",
    "sparse_infill_pattern": "gyroid",
    "support_base_pattern": "rectilinear",
    "support_base_pattern_spacing": "1",
    "support_bottom_z_distance": "0",
    "support_interface_filament": "2",
    "support_interface_pattern": "rectilinear",
    "support_interface_spacing": "0",
    "support_interface_speed": [
        "50"
    ],
    "support_threshold_angle": "40",
    "support_top_z_distance": "0",
    "top_shell_thickness": "1.6",
    "version": "2.0.0.91",
    "wall_loops": "5"
}
