{
    "bottom_shell_thickness": "1.6",
    "brim_width": "4",
    "detect_thin_wall": "1",
    "enable_support": "1",
    "from": "User",
    "inherits": "0.20mm Standard @BBL A1M",
    "name": "MM - cartoon - 0.20mm Standard @BBL A1M",
    "print_extruder_id": [
        "1"
    ],
    "print_extruder_variant": [
        "Direct Drive Standard"
    ],
    "print_settings_id": "MM - cartoon - 0.20mm Standard @BBL A1M",
    "seam_position": "nearest",
    "sparse_infill_density": "20%",
    "sparse_infill_pattern": "gyroid",
    "support_type": "normal(auto)",
    "top_shell_thickness": "1.6",
    "version": "2.0.0.91",
    "wall_loops": "5"
}
